{
  "type": "minecraft:jigsaw",
  "biomes": "#terralith:has_structure/witch_hut",
  "max_distance_from_center": 80,
  "project_start_to_heightmap": "WORLD_SURFACE_WG",
  "size": 6,
  "spawn_overrides": {},
  "start_height": {
    "type": "minecraft:uniform",
    "min_inclusive": {
      "absolute": -40
    },
    "max_inclusive": {
      "absolute": 120
    }
  },
  "start_pool": "terralith:regular/witch_hut",
  "step": "surface_structures",
  "terrain_adaptation": "beard_thin",
  "use_expansion_hack": false
}