{
  "__comment": "Instructions: https://blakesmods.com/docs/cucumber/tags-config",
  "c:ingots/constantan": "alltheores:constantan_ingot",
  "c:ingots/tin": "alltheores:tin_ingot",
  "c:gems/sapphire": "alltheores:sapphire",
  "c:ingots/bronze": "alltheores:bronze_ingot",
  "c:ingots/electrum": "alltheores:electrum_ingot",
  "c:silicon": "ae2:silicon",
  "c:gems/apatite": "null",
  "c:ingots/silver": "alltheores:silver_ingot",
  "c:dusts/saltpeter": "railcraft:saltpeter_dust",
  "c:ingots/steel": "alltheores:steel_ingot",
  "c:ingots/platinum": "alltheores:platinum_ingot",
  "c:ingots/lead": "alltheores:lead_ingot",
  "c:ingots/graphite": "null",
  "c:ingots/uranium": "alltheores:uranium_ingot",
  "c:ingots/aluminum": "alltheores:aluminum_ingot",
  "c:ingots/iridium": "alltheores:iridium_ingot",
  "c:ingots/zinc": "alltheores:zinc_ingot",
  "c:ingots/invar": "alltheores:invar_ingot",
  "c:gems/ruby": "alltheores:ruby",
  "c:dusts/niter": "null",
  "c:ingots/brass": "alltheores:brass_ingot",
  "c:rubbers": "null",
  "c:dusts/sulfur": "alltheores:sulfur",
  "c:gems/peridot": "alltheores:peridot",
  "c:ingots/nickel": "alltheores:nickel_ingot"
}